title,description,ingredients,steps,tags,cuisine,difficulty,cook_time,servings,calories,diet_type,image_url,ownerUid,status
Hainanese Chicken Rice,Poached chicken served with fragrant chicken rice and chili sauce.,"whole chicken, ginger, garlic, pandan leaves, jasmine rice, chicken stock, cucumber, light soy sauce, sesame oil, chili, lime","Rinse the chicken and rub it with salt, then rinse again to clean the skin. | Bring a pot of water to a gentle simmer with ginger and spring onion, then poach the chicken until cooked and tender. | Shock the chicken in ice water to keep the meat juicy and the skin firm, then pat dry and rub with a little sesame oil. | Fry minced garlic and ginger in oil, add rinsed rice and pandan leaves, then stir until fragrant. | Transfer the rice to a rice cooker and cook with chicken stock until fluffy. | Slice the chicken and serve it over the fragrant rice with cucumber, light soy sauce, and chili lime sauce.","Singaporean, rice, chicken, hawker",Singaporean,Medium,60,4,650,Halal,,system,approved
Laksa,Spicy coconut curry noodle soup with prawns and fish cake.,"rice noodles, prawns, fish cake, tofu puffs, bean sprouts, coconut milk, laksa paste, dried shrimp, chicken stock, laksa leaves","Soak or blanch the rice noodles until just tender and set them aside. | Fry laksa paste with a spoon of oil until aromatic, then add dried shrimp and stir to release flavor. | Pour in chicken stock and bring to a simmer, then add coconut milk and tofu puffs. | Add prawns and sliced fish cake and cook briefly until the prawns turn pink. | Place noodles and bean sprouts in bowls, ladle the hot laksa broth over, and garnish with laksa leaves.","Singaporean, noodles, spicy, curry",Singaporean,Medium,35,3,620,Halal,,system,approved
Char Kway Teow,"Wok-fried flat rice noodles with egg, Chinese sausage, and bean sprouts.","flat rice noodles, egg, Chinese sausage, fish cake, bean sprouts, garlic, soy sauce, dark soy sauce, chili, chives","Heat a well seasoned wok until smoking and add a little oil. | Fry minced garlic briefly, then add the noodles and toss quickly over high heat. | Push noodles aside, scramble an egg in the wok, then mix through. | Add sliced Chinese sausage, fish cake, and bean sprouts, and toss until heated through. | Season with light and dark soy sauce and a little chili, then finish with chives.","Singaporean, noodles, stir fry",Singaporean,Hard,15,2,700,Non-Halal,,system,approved
Nasi Lemak,"Coconut rice served with sambal, fried anchovies, peanuts, egg, and cucumber.","jasmine rice, coconut milk, pandan leaves, anchovies, peanuts, egg, cucumber, sambal","Rinse the rice until the water runs clear and drain well. | Cook the rice with coconut milk, water, salt, and pandan leaves until tender and fragrant. | Fry the anchovies until crisp and toast the peanuts until aromatic. | Serve the coconut rice with sambal, fried anchovies, peanuts, sliced cucumber, and a fried or boiled egg.","Singaporean, rice, coconut",Singaporean,Easy,40,4,600,Halal,,system,approved
Satay,Skewered marinated meat grilled and served with peanut sauce.,"chicken, beef, lemongrass, turmeric, coriander powder, cumin, brown sugar, soy sauce, peanut butter, coconut milk","Cut the meat into small cubes and marinate with lemongrass, turmeric, coriander, cumin, sugar, and soy sauce for at least two hours. | Thread the meat onto skewers and grill over medium high heat, basting with remaining marinade. | Simmer peanut butter with coconut milk, chili, and a splash of soy sauce to make a quick peanut sauce. | Serve the satay hot with peanut sauce and sliced cucumber and onion.","Singaporean, grill, appetizer",Singaporean,Medium,45,4,520,Halal,,system,approved
Roti Prata,Flaky pan-fried flatbread served with curry or sugar.,"plain flour, salt, sugar, water, ghee, oil","Combine flour, salt, sugar, water, and a bit of ghee to make a soft dough. | Knead until smooth, then rest the dough balls in oil for at least two hours. | Stretch each ball into a thin sheet, fold into a coil, and flatten. | Fry on a hot griddle with ghee until golden and flaky on both sides. | Serve with curry or a sprinkle of sugar.","Singaporean, bread, breakfast",Singaporean,Medium,120,4,400,Vegetarian,,system,approved
Mee Goreng,"Spicy fried yellow noodles with egg, tofu, and vegetables.","yellow noodles, egg, tofu, cabbage, tomato, garlic, sweet soy sauce, chili paste, lime","Heat oil in a wok and fry garlic until fragrant, then add chili paste. | Add tofu and vegetables and stir fry briefly. | Add noodles and toss with sweet soy sauce, then push aside and scramble an egg. | Toss everything together and serve with lime.","Singaporean, noodles, spicy",Singaporean,Medium,20,2,580,Halal,,system,approved
Chilli Crab,"Crab in a sweet, savory, and spicy tomato–chili sauce.","mud crab, garlic, ginger, shallots, tomato sauce, chili paste, egg, cornstarch, spring onion","Clean and portion the crab, then pat dry. | Stir fry garlic, ginger, and shallots until fragrant, then add chili paste and tomato sauce. | Add crab pieces and a splash of water, cover, and simmer until the shells turn bright red. | Thicken the sauce with a cornstarch slurry and swirl in a beaten egg to finish. | Garnish with spring onion and serve with mantou.","Singaporean, seafood, spicy",Singaporean,Medium,35,3,620,Halal,,system,approved
Bak Kut Teh,Peppery pork rib soup with garlic and spices.,"pork ribs, garlic, white peppercorns, dark soy sauce, light soy sauce, you tiao, rice","Blanch pork ribs briefly to remove impurities, then rinse. | Simmer ribs with smashed garlic, white peppercorns, and water for 1.5 to 2 hours until tender. | Season with soy sauces to taste and serve hot with rice and fried dough sticks.","Singaporean, soup, pork",Singaporean,Easy,120,4,450,Non-Halal,,system,approved
Hokkien Mee,Stir-fried prawn and squid noodles in a rich stock.,"yellow noodles, thick rice vermicelli, prawns, squid, egg, garlic, pork lard or oil, prawn stock, chives, lime","Fry garlic in oil, then add prawns and squid and cook until just done. | Add a mix of yellow noodles and thick vermicelli, then pour in prawn stock. | Simmer briefly while tossing until the noodles absorb the stock. | Stir in beaten egg to coat, then season and finish with chives and lime.","Singaporean, noodles, seafood",Singaporean,Medium,25,2,680,Non-Halal,,system,approved
Kaya Toast,Toasted bread with kaya coconut jam and butter.,"white bread, kaya, butter","Toast the bread until golden and crisp. | Spread kaya generously on one slice and cold butter on the other, then sandwich and cut.","Singaporean, breakfast, snack",Singaporean,Easy,5,1,320,Vegetarian,,system,approved
Wanton Mee,Springy noodles with char siu and wantons in a savory sauce.,"egg noodles, char siu, wontons, choy sum, soy sauce, oyster sauce, sesame oil","Blanch noodles until springy, then toss with soy sauce, oyster sauce, and sesame oil. | Top with sliced char siu, boiled wontons, and blanched choy sum.","Singaporean, noodles, pork",Singaporean,Medium,20,1,550,Non-Halal,,system,approved
Chicken Curry,Rich and aromatic curry with tender chicken pieces.,"chicken, curry paste, coconut milk, potato, onion, garlic","Fry onions and garlic until soft, then add curry paste and stir until fragrant. | Add chicken and potato, pour in coconut milk, and simmer until tender.","Singaporean, curry, chicken",Singaporean,Easy,40,4,520,Halal,,system,approved
Popiah,Fresh spring rolls filled with braised turnip and vegetables.,"popiah skins, turnip, carrot, garlic, egg, lettuce, bean sprouts, peanut","Stir fry shredded turnip and carrot until softened and well seasoned. | Lay out popiah skin, add lettuce, turnip mix, egg strips, bean sprouts, and peanuts, then roll tightly and slice.","Singaporean, snack, wrap",Singaporean,Medium,45,4,300,Vegetarian,,system,approved
Carrot Cake (Savoury),"Stir-fried radish cake with egg, garlic, and chai poh.","radish cake, egg, garlic, chai poh, dark soy sauce, spring onion","Fry chopped radish cake with garlic and preserved radish until crisp. | Pour beaten eggs over and scramble together, then season with dark soy sauce and garnish with spring onion.","Singaporean, hawker, fried",Singaporean,Easy,15,2,480,Non-Halal,,system,approved
Mee Siam,Tangy and spicy rice vermicelli with a tamarind-based gravy.,"rice vermicelli, tamarind, taucheo, chili paste, tofu, egg","Soak vermicelli until pliable. | Fry chili paste and taucheo until fragrant, add tamarind water and simmer. | Add tofu and serve the gravy over blanched vermicelli with egg.","Singaporean, noodles, tangy",Singaporean,Medium,30,2,520,Halal,,system,approved
Fish Head Curry,Bold curry featuring whole fish head with vegetables.,"fish head, curry paste, okra, eggplant, tomato, coconut milk","Simmer curry paste in oil until aromatic, add coconut milk and water, then lower in the fish head. | Add vegetables and cook until the fish is tender and the flavors meld.","Singaporean, curry, seafood",Singaporean,Medium,50,4,430,Halal,,system,approved
Rendang (Beef),Slow-cooked dry curry with coconut and spices.,"beef, coconut milk, lemongrass, galangal, turmeric, chilies","Blend aromatics into a paste and fry until fragrant. | Add beef and coconut milk, then simmer slowly until the sauce reduces and coats the meat.","Malay, curry, beef",Singaporean,Hard,120,4,600,Halal,,system,approved
Otah Otah,Spiced fish paste grilled in banana leaf.,"fish paste, chilies, lemongrass, coconut milk, banana leaf","Mix fish paste with spices and coconut milk. | Spread onto banana leaf, fold, and grill until set and lightly charred.","Singaporean, snack, grill",Singaporean,Medium,20,2,260,Halal,,system,approved
Sup Tulang,Spicy bone marrow mutton stew.,"mutton bones, tomato paste, chilies, ginger, garlic","Brown mutton bones, then simmer with tomato paste, chili, ginger, and garlic until the marrow is soft and the broth is rich.","Singaporean, soup, mutton",Singaporean,Medium,120,4,480,Halal,,system,approved
Ayam Penyet,Smashed fried chicken with sambal and rice.,"chicken, turmeric, garlic, coriander, rice, sambal, cucumber","Marinate chicken with spices, fry until crispy, then smash lightly to tenderize. | Serve with rice, sambal, and cucumber.","Malay, chicken, rice",Singaporean,Medium,45,2,650,Halal,,system,approved
Nasi Goreng,Fried rice with sweet soy sauce and aromatics.,"rice, egg, shallot, garlic, kecap manis, chili","Fry shallot and garlic, add day old rice and toss with kecap manis and chili. | Push rice aside, scramble egg, then mix together and serve.","Malay, rice, fried",Singaporean,Easy,15,2,520,Halal,,system,approved
Sambal Stingray,Grilled stingray topped with sambal and wrapped in banana leaf.,"stingray, sambal, banana leaf, lime","Spread sambal over the fish and wrap in banana leaf. | Grill until the fish is just cooked and the sambal is fragrant, then serve with lime.","Singaporean, seafood, grill",Singaporean,Medium,20,2,400,Halal,,system,approved
Fried Hokkien Prawn Mee (Dry),Dry-style Hokkien noodles with prawns and pork lard.,"yellow noodles, vermicelli, prawns, pork lard, soy sauce, garlic","Render pork lard for oil, fry garlic, then add noodles and prawns and toss over high heat. | Season with soy sauce and a splash of stock if needed.","Singaporean, noodles, stir fry",Singaporean,Medium,20,2,700,Non-Halal,,system,approved
Kway Chap,Braised pork innards served with flat rice sheets and soy-braised sauce.,"pork belly, innards, dark soy sauce, spices, flat rice sheets",Braise meats in a soy spice broth until tender. | Serve with flat rice sheets and a side of chili.,"Singaporean, braise, pork",Singaporean,Hard,120,4,650,Non-Halal,,system,approved
Lor Mee,Thick starchy gravy over noodles with braised meat and vinegar.,"yellow noodles, braised pork, egg, garlic, vinegar, cornstarch","Simmer a garlicky stock and thicken with cornstarch. | Pour over noodles and top with braised meat, egg, and a dash of vinegar.","Singaporean, noodles, gravy",Singaporean,Medium,30,2,620,Non-Halal,,system,approved
Yong Tau Foo,Tofu and vegetables stuffed with fish paste in a light broth.,"fish paste, tofu, bitter gourd, eggplant, okra, broth",Stuff vegetables with fish paste and simmer in a light broth until cooked. | Serve with noodles or rice and dipping sauces.,"Singaporean, soup, light",Singaporean,Easy,25,2,350,Halal,,system,approved
Curry Puff,Flaky pastry filled with curried potatoes and chicken.,"pastry, potato, chicken, curry powder, onion","Cook a dry curry filling with potatoes and chicken. | Fill pastry rounds, crimp the edges, and fry or bake until golden.","Singaporean, snack, pastry",Singaporean,Medium,45,6,280,Halal,,system,approved
Kopi & Kaya Toast Set,Traditional breakfast with soft-boiled eggs and kaya toast.,"white bread, kaya, butter, eggs, soy sauce, white pepper",Toast bread and assemble kaya toast with cold butter. | Serve with soft boiled eggs seasoned with soy sauce and white pepper.,"Singaporean, breakfast, set",Singaporean,Easy,10,1,420,Vegetarian,,system,approved
Prawn Mee Soup,Prawn noodle soup with a rich prawn-shell broth.,"prawns, pork bones, noodles, bean sprouts, kang kong, fried shallots","Toast prawn shells and simmer with pork bones to make a rich stock. | Serve over noodles with prawns, vegetables, and fried shallots.","Singaporean, noodles, soup",Singaporean,Medium,60,2,550,Non-Halal,,system,approved
Bee Hoon Goreng,Spicy fried rice vermicelli with vegetables and egg.,"rice vermicelli, egg, cabbage, carrot, garlic, kecap manis, chili","Prepare and measure all ingredients required for bee hoon goreng before you start cooking. | Heat a pan, pot, or wok and cook the aromatics until fragrant to build flavor. | Add the main ingredients and seasonings, then cook until the textures are just right. | Adjust seasoning to taste and serve immediately while hot and fresh.","Singaporean, noodles, spicy",Singaporean,Medium,25,2,520,Halal,,system,approved
Maggi Goreng,"Stir-fried instant noodles with sweet soy sauce, egg, and vegetables.","instant noodles, egg, tomato, cabbage, garlic, kecap manis, chili","Prepare and measure all ingredients required for maggi goreng before you start cooking. | Heat a pan, pot, or wok and cook the aromatics until fragrant to build flavor. | Add the main ingredients and seasonings, then cook until the textures are just right. | Adjust seasoning to taste and serve immediately while hot and fresh.","Singaporean, noodles, hawker",Singaporean,Medium,25,2,520,Halal,,system,approved
Oyster Omelette,Crispy omelette with juicy oysters and chili dip.,"oysters, egg, tapioca starch, garlic, chives","Prepare and measure all ingredients required for oyster omelette before you start cooking. | Heat a pan, pot, or wok and cook the aromatics until fragrant to build flavor. | Add the main ingredients and seasonings, then cook until the textures are just right. | Adjust seasoning to taste and serve immediately while hot and fresh.","Singaporean, seafood, hawker",Singaporean,Medium,25,2,520,Halal,,system,approved
Ban Mian,Handmade noodles in a savory anchovy broth with pork and greens.,"handmade noodles, anchovies, minced pork, egg, vegetables, garlic","Prepare and measure all ingredients required for ban mian before you start cooking. | Heat a pan, pot, or wok and cook the aromatics until fragrant to build flavor. | Add the main ingredients and seasonings, then cook until the textures are just right. | Adjust seasoning to taste and serve immediately while hot and fresh.","Singaporean, noodles, soup",Singaporean,Medium,25,2,520,Non-Halal,,system,approved
Lor Bak,Five-spice marinated pork rolls deep-fried until crisp.,"pork, beancurd skin, five spice powder, garlic, soy sauce","Prepare and measure all ingredients required for lor bak before you start cooking. | Heat a pan, pot, or wok and cook the aromatics until fragrant to build flavor. | Add the main ingredients and seasonings, then cook until the textures are just right. | Adjust seasoning to taste and serve immediately while hot and fresh.","Singaporean, snack, pork",Singaporean,Medium,25,2,520,Non-Halal,,system,approved
Prawn Paste Chicken (Har Cheong Gai),Crispy chicken wings marinated in fermented prawn paste.,"chicken wings, prawn paste, rice flour, cornstarch, garlic","Prepare and measure all ingredients required for prawn paste chicken (har cheong gai) before you start cooking. | Heat a pan, pot, or wok and cook the aromatics until fragrant to build flavor. | Add the main ingredients and seasonings, then cook until the textures are just right. | Adjust seasoning to taste and serve immediately while hot and fresh.","Singaporean, fried, appetizer",Singaporean,Medium,25,2,520,Halal,,system,approved
Claypot Rice,"Rice cooked in a claypot with chicken, Chinese sausage, and mushrooms.","rice, chicken, Chinese sausage, mushrooms, dark soy sauce, ginger","Prepare and measure all ingredients required for claypot rice before you start cooking. | Heat a pan, pot, or wok and cook the aromatics until fragrant to build flavor. | Add the main ingredients and seasonings, then cook until the textures are just right. | Adjust seasoning to taste and serve immediately while hot and fresh.","Singaporean, rice, claypot",Singaporean,Medium,25,2,520,Non-Halal,,system,approved
Teochew Porridge Set,Light rice porridge served with assorted side dishes.,"rice, water, salt, pickles, fish, vegetables","Prepare and measure all ingredients required for teochew porridge set before you start cooking. | Heat a pan, pot, or wok and cook the aromatics until fragrant to build flavor. | Add the main ingredients and seasonings, then cook until the textures are just right. | Adjust seasoning to taste and serve immediately while hot and fresh.","Singaporean, porridge, light",Singaporean,Medium,25,2,520,Halal,,system,approved
Salted Egg Prawns,Crispy prawns coated in creamy salted egg yolk sauce.,"prawns, salted egg yolks, curry leaves, chili, butter, evaporated milk","Prepare and measure all ingredients required for salted egg prawns before you start cooking. | Heat a pan, pot, or wok and cook the aromatics until fragrant to build flavor. | Add the main ingredients and seasonings, then cook until the textures are just right. | Adjust seasoning to taste and serve immediately while hot and fresh.","Singaporean, seafood, rich",Singaporean,Medium,25,2,520,Halal,,system,approved
Black Pepper Crab,Stir-fried crab tossed in bold black pepper sauce.,"crab, black pepper, garlic, butter, soy sauce","Prepare and measure all ingredients required for black pepper crab before you start cooking. | Heat a pan, pot, or wok and cook the aromatics until fragrant to build flavor. | Add the main ingredients and seasonings, then cook until the textures are just right. | Adjust seasoning to taste and serve immediately while hot and fresh.","Singaporean, seafood, spicy",Singaporean,Medium,25,2,520,Halal,,system,approved
Hainanese Pork Chop,Crispy pork chops with tangy tomato gravy.,"pork chops, breadcrumbs, egg, tomato sauce, onion, peas","Prepare and measure all ingredients required for hainanese pork chop before you start cooking. | Heat a pan, pot, or wok and cook the aromatics until fragrant to build flavor. | Add the main ingredients and seasonings, then cook until the textures are just right. | Adjust seasoning to taste and serve immediately while hot and fresh.","Singaporean, western, hawker",Singaporean,Medium,25,2,520,Non-Halal,,system,approved
Sambal Kangkong,Water spinach stir-fried with spicy sambal belacan.,"kangkong, sambal, garlic, belacan, chilies","Prepare and measure all ingredients required for sambal kangkong before you start cooking. | Heat a pan, pot, or wok and cook the aromatics until fragrant to build flavor. | Add the main ingredients and seasonings, then cook until the textures are just right. | Adjust seasoning to taste and serve immediately while hot and fresh.","Singaporean, vegetable, spicy",Singaporean,Medium,25,2,520,Halal,,system,approved
Stir-fried Kai Lan with Garlic,Crisp Chinese broccoli tossed with fragrant garlic.,"kai lan, garlic, oil, salt","Prepare and measure all ingredients required for stir-fried kai lan with garlic before you start cooking. | Heat a pan, pot, or wok and cook the aromatics until fragrant to build flavor. | Add the main ingredients and seasonings, then cook until the textures are just right. | Adjust seasoning to taste and serve immediately while hot and fresh.","Singaporean, vegetable, simple",Singaporean,Medium,25,2,520,Vegan,,system,approved
Fried Rice with Ikan Bilis,Fragrant fried rice topped with crispy anchovies.,"rice, ikan bilis, egg, garlic, spring onion, soy sauce","Prepare and measure all ingredients required for fried rice with ikan bilis before you start cooking. | Heat a pan, pot, or wok and cook the aromatics until fragrant to build flavor. | Add the main ingredients and seasonings, then cook until the textures are just right. | Adjust seasoning to taste and serve immediately while hot and fresh.","Singaporean, rice, fried",Singaporean,Medium,25,2,520,Halal,,system,approved
Mee Rebus,Yellow noodles coated in a thick sweet-spicy gravy and garnishes.,"yellow noodles, sweet potato, soybeans, spices, egg, tofu","Prepare and measure all ingredients required for mee rebus before you start cooking. | Heat a pan, pot, or wok and cook the aromatics until fragrant to build flavor. | Add the main ingredients and seasonings, then cook until the textures are just right. | Adjust seasoning to taste and serve immediately while hot and fresh.","Singaporean, noodles, gravy",Singaporean,Medium,25,2,520,Halal,,system,approved
Rojak,Tangy-sweet salad of fruits and vegetables with prawn paste dressing.,"cucumber, pineapple, you tiao, peanut, shrimp paste, palm sugar","Prepare and measure all ingredients required for rojak before you start cooking. | Heat a pan, pot, or wok and cook the aromatics until fragrant to build flavor. | Add the main ingredients and seasonings, then cook until the textures are just right. | Adjust seasoning to taste and serve immediately while hot and fresh.","Singaporean, salad, snack",Singaporean,Easy,25,2,520,Halal,,system,approved
Tau Huay (Soy Pudding),Silky soy bean pudding served chilled or warm.,"soy milk, gypsum powder, sugar syrup","Prepare and measure all ingredients required for tau huay (soy pudding) before you start cooking. | Heat a pan, pot, or wok and cook the aromatics until fragrant to build flavor. | Add the main ingredients and seasonings, then cook until the textures are just right. | Adjust seasoning to taste and serve immediately while hot and fresh.","Singaporean, dessert, soy",Singaporean,Easy,15,2,380,Vegan,,system,approved
Milo Dinosaur,Iced malted chocolate drink topped with extra Milo powder.,"milo, milk, water, ice, sugar","Prepare and measure all ingredients required for milo dinosaur before you start cooking. | Heat a pan, pot, or wok and cook the aromatics until fragrant to build flavor. | Add the main ingredients and seasonings, then cook until the textures are just right. | Adjust seasoning to taste and serve immediately while hot and fresh.","Singaporean, beverage, cafe",Singaporean,Easy,15,2,380,Vegetarian,,system,approved
Ice Kachang,"Shaved ice dessert with syrups, jelly, and sweet corn.","shaved ice, red beans, attap chee, jelly, sweet corn, syrups","Prepare and measure all ingredients required for ice kachang before you start cooking. | Heat a pan, pot, or wok and cook the aromatics until fragrant to build flavor. | Add the main ingredients and seasonings, then cook until the textures are just right. | Adjust seasoning to taste and serve immediately while hot and fresh.","Singaporean, dessert, shaved ice",Singaporean,Easy,15,2,380,Vegetarian,,system,approved
Chendol,Coconut milk dessert with green jelly noodles and gula melaka.,"coconut milk, chendol jelly, gula melaka, shaved ice","Prepare and measure all ingredients required for chendol before you start cooking. | Heat a pan, pot, or wok and cook the aromatics until fragrant to build flavor. | Add the main ingredients and seasonings, then cook until the textures are just right. | Adjust seasoning to taste and serve immediately while hot and fresh.","Singaporean, dessert, coconut",Singaporean,Easy,15,2,380,Vegetarian,,system,approved
